bug_id,opendate,changeddate,resolution_time_days
122315,2025-10-17 18:36:39,2025-10-17 19:00:29,0.016550925925925927
122311,2025-10-17 12:28:30,2025-10-17 20:53:25,0.35063657407407406
122308,2025-10-17 09:09:23,2025-10-17 14:04:09,0.20469907407407406
122304,2025-10-17 05:41:02,2025-10-17 16:08:58,0.4360648148148148
122303,2025-10-17 03:30:15,2025-10-17 03:38:01,0.005393518518518519
122301,2025-10-16 20:06:28,2025-10-17 14:08:07,0.7511458333333333
122296,2025-10-16 07:40:10,2025-10-17 05:01:53,0.8900810185185185
122295,2025-10-16 06:28:12,2025-10-17 09:09:21,1.1119097222222223
122293,2025-10-15 12:42:13,2025-10-16 10:52:07,0.9235416666666667
122292,2025-10-15 11:15:28,2025-10-16 08:56:03,0.9031828703703704
122269,2025-10-13 12:08:46,2025-10-14 09:41:25,0.8976736111111111
122265,2025-10-13 07:08:33,2025-10-15 07:53:33,2.03125
122264,2025-10-12 18:56:20,2025-10-12 19:08:59,0.008784722222222222
122257,2025-10-11 09:15:03,2025-10-12 06:31:28,0.8864004629629629
122255,2025-10-10 23:43:39,2025-10-16 19:39:56,5.830752314814815
122250,2025-10-10 21:58:33,2025-10-10 22:14:06,0.010798611111111111
122249,2025-10-10 21:37:40,2025-10-10 21:38:53,0.0008449074074074074
122246,2025-10-10 19:31:24,2025-10-12 19:55:00,2.016388888888889
122241,2025-10-10 15:23:17,2025-10-13 15:43:48,3.014247685185185
122238,2025-10-10 13:25:20,2025-10-10 20:08:07,0.27971064814814817
122235,2025-10-10 12:20:41,2025-10-10 12:37:51,0.011921296296296296
122229,2025-10-10 08:18:04,2025-10-10 08:47:14,0.02025462962962963
122228,2025-10-10 05:38:27,2025-10-13 19:38:50,3.583599537037037
122227,2025-10-10 02:33:47,2025-10-10 04:27:14,0.07878472222222223
122222,2025-10-09 13:36:48,2025-10-09 20:40:52,0.2944907407407407
122220,2025-10-09 13:19:46,2025-10-09 20:41:44,0.3069212962962963
122213,2025-10-09 05:35:55,2025-10-13 12:10:25,4.273958333333334
122212,2025-10-08 23:43:28,2025-10-09 08:55:50,0.38358796296296294
122211,2025-10-08 20:00:39,2025-10-10 15:57:46,1.8313310185185185
122210,2025-10-08 18:10:37,2025-10-09 20:53:48,1.1133217592592592
122203,2025-10-08 06:37:37,2025-10-08 06:44:15,0.004606481481481481
122200,2025-10-07 22:58:31,2025-10-15 22:28:11,7.978935185185185
122199,2025-10-07 22:07:25,2025-10-07 22:44:42,0.025891203703703704
122191,2025-10-07 15:43:22,2025-10-13 09:28:09,5.73943287037037
122187,2025-10-07 06:23:08,2025-10-07 16:09:55,0.40748842592592593
122183,2025-10-07 00:30:29,2025-10-07 00:32:56,0.0017013888888888888
122182,2025-10-06 23:57:01,2025-10-14 06:50:26,7.287094907407408
122179,2025-10-06 20:19:07,2025-10-06 20:24:07,0.003472222222222222
122178,2025-10-06 17:49:19,2025-10-14 06:50:49,7.542708333333334
122177,2025-10-06 14:53:26,2025-10-09 20:39:27,3.240289351851852
122174,2025-10-06 12:45:00,2025-10-06 13:52:12,0.04666666666666667
122173,2025-10-06 10:17:42,2025-10-06 16:00:26,0.23800925925925925
122172,2025-10-06 03:26:14,2025-10-16 19:38:30,10.675185185185185
122168,2025-10-05 21:26:33,2025-10-06 11:19:49,0.5786574074074075
122164,2025-10-04 12:21:49,2025-10-04 15:56:00,0.14873842592592593
122162,2025-10-04 12:00:52,2025-10-04 16:00:11,0.16619212962962962
122159,2025-10-04 09:21:19,2025-10-07 07:21:49,2.917013888888889
122158,2025-10-04 06:18:53,2025-10-06 08:33:30,2.0934837962962964
122156,2025-10-04 04:29:41,2025-10-06 11:04:18,2.274039351851852
122155,2025-10-04 04:04:23,2025-10-06 21:48:15,2.738796296296296
122153,2025-10-03 20:27:56,2025-10-04 16:28:19,0.833599537037037
122151,2025-10-03 13:32:33,2025-10-16 21:43:57,13.34125
122150,2025-10-03 13:16:39,2025-10-05 21:33:23,2.3449537037037036
122147,2025-10-03 09:55:09,2025-10-04 14:34:59,1.1943287037037038
122146,2025-10-03 09:53:06,2025-10-04 15:07:53,1.218599537037037
122143,2025-10-03 04:08:30,2025-10-04 16:32:23,1.5165856481481481
122142,2025-10-03 03:57:04,2025-10-06 05:49:57,3.0783912037037036
122138,2025-10-02 23:11:21,2025-10-03 17:49:14,0.7763078703703704
122131,2025-10-02 12:43:47,2025-10-06 14:59:31,4.0942592592592595
122128,2025-10-02 11:57:46,2025-10-08 11:40:33,5.988043981481481
122127,2025-10-02 11:50:47,2025-10-05 13:09:16,3.054502314814815
122125,2025-10-02 08:05:44,2025-10-07 01:32:15,4.7267476851851855
122124,2025-10-02 05:04:11,2025-10-07 13:15:47,5.341388888888889
122123,2025-10-02 03:14:26,2025-10-02 04:33:59,0.05524305555555555
122122,2025-10-02 03:12:51,2025-10-07 00:34:03,4.889722222222222
122121,2025-10-02 03:10:31,2025-10-02 04:23:09,0.05043981481481481
122120,2025-10-02 03:08:41,2025-10-02 08:02:15,0.20386574074074074
122116,2025-10-01 16:49:33,2025-10-01 17:05:05,0.010787037037037038
122114,2025-10-01 16:29:20,2025-10-04 14:38:28,2.9230092592592594
122112,2025-10-01 11:39:44,2025-10-03 18:54:41,2.302048611111111
122111,2025-10-01 11:23:09,2025-10-10 09:25:42,8.9184375
122110,2025-10-01 08:25:13,2025-10-01 11:50:26,0.14251157407407408
122109,2025-10-01 03:50:11,2025-10-03 06:41:30,2.1189699074074073
122106,2025-09-30 18:54:47,2025-10-01 21:15:23,1.0976388888888888
122102,2025-09-30 09:35:57,2025-10-08 13:48:36,8.175451388888888
122100,2025-09-30 08:08:02,2025-09-30 09:08:55,0.04228009259259259
122099,2025-09-30 05:26:01,2025-09-30 08:52:39,0.14349537037037038
122092,2025-09-29 09:46:55,2025-09-29 10:12:49,0.017986111111111112
122091,2025-09-29 09:34:50,2025-09-30 07:22:05,0.9078125
122090,2025-09-29 09:31:22,2025-09-30 07:20:29,0.9091087962962963
122089,2025-09-29 06:58:43,2025-10-03 06:30:18,3.9802662037037035
122088,2025-09-29 06:27:13,2025-09-29 08:28:15,0.08405092592592593
122087,2025-09-29 06:13:08,2025-09-29 08:30:32,0.09541666666666666
122085,2025-09-28 18:53:28,2025-09-29 06:57:41,0.5029282407407407
122084,2025-09-27 20:39:19,2025-09-27 20:48:53,0.006643518518518518
122083,2025-09-27 11:43:30,2025-10-17 05:39:07,19.746956018518517
122082,2025-09-27 10:15:25,2025-10-03 06:49:45,5.857175925925926
122080,2025-09-27 09:33:41,2025-10-01 18:39:33,4.379074074074074
122079,2025-09-27 09:16:29,2025-10-02 07:12:53,4.914166666666667
122077,2025-09-26 20:44:15,2025-09-26 22:04:31,0.055740740740740743
122076,2025-09-26 18:27:20,2025-10-03 17:17:25,6.95144675925926
122069,2025-09-26 10:30:58,2025-10-18 07:26:03,21.871585648148148
122064,2025-09-26 01:23:42,2025-09-26 02:53:59,0.06269675925925926
122060,2025-09-25 08:47:38,2025-10-01 18:24:55,6.400891203703703
122053,2025-09-24 14:36:05,2025-10-05 10:57:20,10.848090277777779
122051,2025-09-24 06:10:58,2025-10-02 12:28:16,8.26201388888889
122042,2025-09-23 08:57:35,2025-09-23 17:14:09,0.344837962962963
122040,2025-09-23 06:46:41,2025-09-24 08:30:06,1.0718171296296297
122039,2025-09-23 04:51:38,2025-10-07 02:29:59,13.901631944444444
122037,2025-09-22 23:05:25,2025-10-15 15:51:58,22.698993055555555
122036,2025-09-22 22:41:07,2025-09-22 22:58:14,0.011886574074074074
122035,2025-09-22 20:32:11,2025-09-23 19:58:14,0.9764236111111111
122033,2025-09-22 17:19:51,2025-10-03 14:33:07,10.884212962962962
122031,2025-09-22 15:04:50,2025-09-23 16:05:29,1.0421180555555556
122026,2025-09-22 07:56:24,2025-09-22 16:42:30,0.3653472222222222
122024,2025-09-22 07:35:06,2025-09-23 05:00:59,0.892974537037037
122023,2025-09-22 07:30:27,2025-09-22 16:44:19,0.38462962962962965
122021,2025-09-22 00:49:24,2025-09-26 02:51:26,4.084745370370371
122020,2025-09-22 00:13:03,2025-09-22 03:32:50,0.13873842592592592
122019,2025-09-21 21:58:17,2025-09-25 11:35:00,3.5671643518518517
122016,2025-09-21 08:32:49,2025-09-24 09:51:58,3.054965277777778
122015,2025-09-21 08:05:54,2025-09-25 11:34:09,4.144618055555555
122010,2025-09-20 13:13:36,2025-09-21 19:24:27,1.2575347222222222
122009,2025-09-20 09:49:38,2025-10-02 13:41:24,12.160949074074074
122008,2025-09-20 07:14:46,2025-09-22 18:20:34,2.462361111111111
122006,2025-09-19 21:20:27,2025-09-19 21:23:52,0.002372685185185185
122005,2025-09-19 21:01:50,2025-09-19 21:19:51,0.012511574074074074
122002,2025-09-19 15:21:27,2025-09-26 06:40:58,6.638553240740741
121999,2025-09-19 12:39:30,2025-10-02 07:17:58,12.776712962962963
121998,2025-09-19 10:50:48,2025-09-22 05:49:22,2.7906712962962965
121995,2025-09-18 17:52:44,2025-10-03 17:42:27,14.992858796296296
121992,2025-09-18 12:14:01,2025-09-19 02:00:19,0.5738194444444444
121989,2025-09-18 10:09:43,2025-09-18 14:35:22,0.18447916666666667
121987,2025-09-18 08:56:09,2025-10-06 16:29:59,18.315162037037037
121983,2025-09-17 17:35:26,2025-09-19 15:19:23,1.9055208333333333
121982,2025-09-17 17:30:02,2025-09-22 23:33:58,5.252731481481481
121974,2025-09-17 12:21:22,2025-09-17 16:00:19,0.15204861111111112
121973,2025-09-17 11:30:19,2025-10-03 06:59:46,15.812118055555555
121971,2025-09-17 10:21:54,2025-09-21 17:45:22,4.3079629629629625
121970,2025-09-17 03:01:49,2025-09-28 05:15:01,11.0925
121969,2025-09-16 20:54:33,2025-09-16 20:57:32,0.0020717592592592593
121968,2025-09-16 19:01:00,2025-09-22 09:33:28,5.60587962962963
121967,2025-09-16 19:00:32,2025-09-17 08:32:18,0.5637268518518519
121962,2025-09-16 10:24:00,2025-09-19 18:47:56,3.3499537037037035
121956,2025-09-16 04:55:40,2025-09-16 16:42:08,0.49060185185185184
121953,2025-09-15 20:16:27,2025-09-15 21:08:40,0.03626157407407407
121952,2025-09-15 18:58:32,2025-10-08 08:33:08,22.565694444444443
121951,2025-09-15 15:01:36,2025-09-15 19:40:03,0.19336805555555556
121949,2025-09-15 11:03:10,2025-10-14 09:38:58,28.94152777777778
121948,2025-09-15 05:41:04,2025-09-23 11:49:41,8.255983796296297
121947,2025-09-15 02:43:21,2025-09-15 12:33:55,0.41011574074074075
121945,2025-09-14 11:35:57,2025-09-14 18:11:46,0.2748726851851852
121942,2025-09-13 20:12:05,2025-09-15 11:06:53,1.621388888888889
121940,2025-09-13 16:50:18,2025-09-23 14:33:16,9.904837962962963
121939,2025-09-13 13:08:07,2025-09-28 19:49:01,15.278402777777778
121937,2025-09-13 09:53:21,2025-10-03 15:47:02,20.245613425925924
121935,2025-09-13 09:28:56,2025-09-14 11:26:08,1.081388888888889
121934,2025-09-13 08:43:04,2025-09-15 12:11:46,2.1449305555555553
121933,2025-09-13 06:19:57,2025-10-04 10:31:13,21.17449074074074
121932,2025-09-13 02:53:28,2025-09-14 11:26:08,1.3560185185185185
121931,2025-09-12 23:17:50,2025-09-13 00:13:09,0.03841435185185185
121930,2025-09-12 22:29:26,2025-09-12 23:06:51,0.025983796296296297
121929,2025-09-12 20:53:43,2025-10-10 05:32:41,27.360393518518517
121926,2025-09-12 10:53:00,2025-09-16 16:44:04,4.2437962962962965
121924,2025-09-12 04:03:40,2025-09-12 04:13:08,0.006574074074074074
121922,2025-09-12 01:25:50,2025-09-25 10:10:32,13.364375
121921,2025-09-12 00:21:22,2025-10-07 03:40:44,25.138449074074074
121917,2025-09-11 21:24:12,2025-09-13 14:44:46,1.7226157407407408
121913,2025-09-11 16:30:48,2025-09-16 16:40:12,5.0065277777777775
121910,2025-09-11 12:49:19,2025-09-18 15:34:33,7.11474537037037
121906,2025-09-11 10:20:07,2025-09-15 10:47:09,4.018773148148148
121904,2025-09-11 07:35:10,2025-09-15 08:37:53,4.04355324074074
121899,2025-09-11 03:22:44,2025-09-11 03:37:55,0.010543981481481482
121898,2025-09-10 22:55:02,2025-09-10 23:01:10,0.0042592592592592595
121895,2025-09-10 19:02:43,2025-09-10 19:04:19,0.0011111111111111111
121893,2025-09-10 15:18:57,2025-09-12 13:07:56,1.9090162037037037
121890,2025-09-10 11:26:06,2025-09-12 20:48:30,2.3905555555555558
121889,2025-09-10 09:59:14,2025-09-11 12:41:53,1.112951388888889
121888,2025-09-10 08:26:41,2025-09-12 15:36:36,2.2985532407407407
121885,2025-09-10 06:25:14,2025-09-10 14:16:52,0.32752314814814815
121880,2025-09-09 18:04:50,2025-09-09 18:19:29,0.01017361111111111
121878,2025-09-09 16:39:54,2025-09-11 00:54:07,1.3432060185185186
121876,2025-09-09 16:27:13,2025-09-12 14:55:56,2.936608796296296
121874,2025-09-09 12:45:25,2025-09-09 13:29:54,0.030891203703703702
121873,2025-09-09 08:49:00,2025-09-09 15:55:48,0.29638888888888887
121872,2025-09-09 08:37:06,2025-09-09 23:12:24,0.6078472222222222
121869,2025-09-09 06:47:09,2025-09-09 15:50:13,0.37712962962962965
121868,2025-09-09 06:46:01,2025-09-10 15:00:53,1.3436574074074075
121865,2025-09-09 04:58:10,2025-09-13 02:54:18,3.9139814814814815
121863,2025-09-08 22:20:23,2025-09-13 07:09:00,4.367094907407408
121861,2025-09-08 18:58:58,2025-09-10 14:57:37,1.8323958333333332
121860,2025-09-08 18:32:47,2025-09-08 18:37:18,0.003136574074074074
121859,2025-09-08 18:01:08,2025-09-10 12:23:26,1.765486111111111
121856,2025-09-08 14:36:03,2025-09-19 18:23:15,11.157777777777778
121855,2025-09-08 14:18:13,2025-09-08 16:30:41,0.09199074074074073
121848,2025-09-08 01:16:37,2025-09-11 13:49:26,3.522789351851852
121846,2025-09-07 15:31:46,2025-09-07 16:21:27,0.03450231481481481
121845,2025-09-07 14:53:56,2025-10-11 13:59:28,33.962175925925926
121841,2025-09-07 05:02:36,2025-09-07 20:47:54,0.6564583333333334
121835,2025-09-06 21:42:01,2025-09-06 22:30:02,0.033344907407407406
121834,2025-09-06 21:28:09,2025-09-06 21:35:16,0.00494212962962963
121833,2025-09-06 20:52:45,2025-09-06 20:58:49,0.004212962962962963
121831,2025-09-06 18:04:12,2025-10-14 19:05:18,38.042430555555555
121830,2025-09-06 17:51:34,2025-09-22 11:36:00,15.739189814814814
121824,2025-09-06 05:06:29,2025-09-06 09:29:12,0.18244212962962963
121823,2025-09-06 04:51:51,2025-09-06 12:21:27,0.31222222222222223
121819,2025-09-06 01:47:14,2025-09-06 08:13:01,0.2679050925925926
121818,2025-09-05 23:39:05,2025-09-06 21:14:30,0.8995949074074074
121817,2025-09-05 23:10:08,2025-09-05 23:17:04,0.004814814814814815
121809,2025-09-05 13:25:03,2025-09-05 23:06:18,0.4036458333333333
121808,2025-09-05 13:05:52,2025-09-09 23:13:16,4.421805555555555
121807,2025-09-05 13:03:46,2025-09-05 17:11:24,0.1719675925925926
121806,2025-09-05 09:35:40,2025-09-05 22:02:51,0.5188773148148148
121804,2025-09-05 08:47:03,2025-09-05 17:15:32,0.35311342592592593
121803,2025-09-05 07:58:10,2025-09-05 08:03:36,0.0037731481481481483
121802,2025-09-05 07:39:21,2025-09-08 11:11:02,3.1470023148148147
121801,2025-09-05 07:34:47,2025-09-15 07:18:46,9.988877314814815
121799,2025-09-05 04:16:09,2025-09-05 04:22:18,0.004270833333333333
121796,2025-09-04 20:13:50,2025-09-04 21:23:33,0.048414351851851854
121795,2025-09-04 19:56:05,2025-09-12 21:00:53,8.045
121794,2025-09-04 19:51:05,2025-09-07 10:44:19,2.620300925925926
121790,2025-09-04 16:24:28,2025-10-10 07:28:32,35.62782407407408
121785,2025-09-04 07:57:28,2025-09-09 13:18:27,5.222905092592592
121783,2025-09-04 06:42:22,2025-09-04 10:10:16,0.144375
121782,2025-09-04 05:55:28,2025-09-11 17:23:22,7.477708333333333
121781,2025-09-04 05:41:14,2025-10-03 15:45:42,29.41976851851852
121780,2025-09-04 04:31:19,2025-10-03 15:47:02,29.469247685185184
121779,2025-09-04 00:50:10,2025-09-09 18:40:41,5.743414351851852
121774,2025-09-03 15:38:00,2025-09-03 15:46:20,0.005787037037037037
121772,2025-09-03 14:13:03,2025-10-16 14:36:49,43.01650462962963
121769,2025-09-03 11:04:10,2025-09-05 08:03:36,1.8746064814814816
121768,2025-09-03 09:57:25,2025-09-04 10:37:22,1.0277430555555556
121767,2025-09-03 08:34:58,2025-09-03 11:03:43,0.1032986111111111
121765,2025-09-03 05:20:32,2025-09-10 09:52:27,7.188831018518519
121761,2025-09-02 21:15:31,2025-09-02 21:22:21,0.00474537037037037
121760,2025-09-02 16:00:18,2025-09-02 22:36:36,0.27520833333333333
121758,2025-09-02 14:33:51,2025-09-03 11:04:01,0.8542824074074075
121757,2025-09-02 13:18:08,2025-09-24 20:08:10,22.28474537037037
121756,2025-09-02 11:44:30,2025-09-03 12:34:43,1.0348726851851853
121754,2025-09-02 05:15:23,2025-09-02 15:58:46,0.4467939814814815
121753,2025-09-02 03:54:52,2025-09-02 16:15:17,0.5141782407407407
121751,2025-09-01 21:52:11,2025-09-15 16:21:39,13.770462962962963
121749,2025-09-01 16:20:03,2025-09-15 15:24:47,13.96162037037037
121745,2025-09-01 11:39:30,2025-09-04 18:45:25,3.295775462962963
121742,2025-09-01 05:34:40,2025-10-03 15:47:02,32.42525462962963
121740,2025-09-01 04:34:34,2025-09-06 02:18:03,4.905196759259259
121732,2025-08-31 02:10:23,2025-09-04 16:56:34,4.615405092592592
121731,2025-08-30 22:05:04,2025-08-30 22:06:56,0.0012962962962962963
121728,2025-08-29 19:12:32,2025-09-08 18:42:23,9.9790625
121727,2025-08-29 17:39:58,2025-09-01 21:07:36,3.1441898148148146
121725,2025-08-29 16:03:10,2025-08-30 13:16:06,0.8839814814814815
121724,2025-08-29 15:52:58,2025-09-04 08:05:51,5.675613425925926
121719,2025-08-29 12:22:59,2025-08-29 14:54:36,0.10528935185185186
121718,2025-08-29 08:33:30,2025-08-30 21:44:23,1.549224537037037
121716,2025-08-29 05:15:36,2025-08-29 05:22:41,0.004918981481481482
121715,2025-08-29 03:54:46,2025-08-29 04:07:45,0.009016203703703703
121713,2025-08-28 23:37:38,2025-08-29 05:31:54,0.24601851851851853
121709,2025-08-28 17:39:32,2025-08-29 21:16:11,1.150451388888889
121707,2025-08-28 15:51:50,2025-09-02 20:59:22,5.213564814814815
121706,2025-08-28 15:35:35,2025-08-28 15:39:02,0.002395833333333333
121705,2025-08-28 14:30:39,2025-09-06 10:48:08,8.845474537037036
121703,2025-08-28 12:00:40,2025-09-12 14:27:41,15.102094907407407
121702,2025-08-28 10:42:40,2025-09-06 14:09:41,9.143761574074073
121699,2025-08-28 04:12:04,2025-09-01 04:47:59,4.02494212962963
121698,2025-08-28 02:10:24,2025-09-01 15:25:07,4.551886574074074
121695,2025-08-27 17:41:39,2025-09-05 13:56:50,8.843877314814815
121694,2025-08-27 14:33:31,2025-08-29 16:03:10,2.0622569444444445
121690,2025-08-27 11:43:56,2025-09-01 14:45:24,5.126018518518518
121687,2025-08-27 08:00:09,2025-08-28 20:22:09,1.5152777777777777
121686,2025-08-27 07:20:20,2025-08-28 20:22:09,1.5429282407407408
121685,2025-08-27 07:12:26,2025-09-04 10:37:57,8.142719907407407
121684,2025-08-27 03:48:12,2025-08-27 23:49:48,0.8344444444444444
121681,2025-08-26 18:24:01,2025-08-30 18:56:15,4.022384259259259
121678,2025-08-26 16:19:41,2025-09-09 14:48:41,13.936805555555555
121677,2025-08-26 14:06:12,2025-08-27 21:32:21,1.3098263888888888
121673,2025-08-26 12:28:12,2025-08-26 15:47:26,0.13835648148148147
121669,2025-08-26 06:55:16,2025-08-26 06:59:04,0.002638888888888889
121668,2025-08-26 01:54:19,2025-08-27 15:28:05,1.5651157407407408
121667,2025-08-26 01:50:08,2025-08-29 06:57:32,3.2134722222222223
121665,2025-08-25 18:22:29,2025-08-25 18:27:44,0.0036458333333333334
121663,2025-08-25 16:40:50,2025-09-18 12:31:42,23.82699074074074
121660,2025-08-25 15:00:26,2025-09-04 15:01:21,10.000636574074074
121659,2025-08-25 14:44:35,2025-09-24 09:50:46,29.79596064814815
121658,2025-08-25 12:38:14,2025-08-28 04:12:50,2.649027777777778
121656,2025-08-25 11:29:50,2025-08-27 01:06:10,1.566898148148148
121654,2025-08-24 21:35:46,2025-08-24 22:47:58,0.050138888888888886
121652,2025-08-24 11:40:25,2025-10-08 21:55:23,45.427060185185184
121651,2025-08-24 11:24:00,2025-08-24 14:27:32,0.1274537037037037
121650,2025-08-24 09:41:35,2025-08-24 09:42:32,0.0006597222222222222
121647,2025-08-23 17:37:52,2025-08-23 17:48:54,0.007662037037037037
121638,2025-08-22 15:02:32,2025-08-25 12:46:04,2.9052314814814815
121635,2025-08-22 08:41:48,2025-08-22 19:18:47,0.44234953703703705
121634,2025-08-22 08:30:02,2025-08-25 03:11:20,2.7786805555555554
121632,2025-08-22 04:29:55,2025-08-22 04:34:38,0.003275462962962963
121629,2025-08-21 12:51:51,2025-08-29 21:12:46,8.347858796296297
121625,2025-08-21 09:56:52,2025-08-22 02:59:23,0.7100810185185186
121620,2025-08-21 06:49:05,2025-08-21 07:09:41,0.014305555555555556
121619,2025-08-20 22:58:29,2025-08-28 13:26:23,7.602708333333333
121618,2025-08-20 20:30:54,2025-08-28 13:26:23,7.705196759259259
121617,2025-08-20 19:17:15,2025-08-20 19:26:08,0.006168981481481482
121616,2025-08-20 18:27:57,2025-09-28 19:53:57,39.05972222222222
121614,2025-08-20 13:12:33,2025-08-22 15:38:25,2.1012962962962964
121612,2025-08-20 12:00:27,2025-08-21 15:22:06,1.1400347222222222
121610,2025-08-20 11:41:11,2025-08-20 11:43:13,0.001412037037037037
121608,2025-08-20 08:49:05,2025-08-20 09:34:44,0.03170138888888889
121607,2025-08-20 07:39:55,2025-08-21 16:09:09,1.3536342592592592
121605,2025-08-20 05:31:11,2025-08-20 05:36:32,0.003715277777777778
121603,2025-08-19 14:28:32,2025-08-19 23:10:27,0.36244212962962963
121602,2025-08-19 13:32:14,2025-10-16 14:39:35,58.04677083333333
121601,2025-08-19 12:34:16,2025-08-25 14:47:47,6.092719907407408
121600,2025-08-19 11:56:59,2025-08-19 16:04:45,0.17206018518518518
121595,2025-08-19 02:17:57,2025-09-11 12:32:30,23.426770833333332
121593,2025-08-18 20:45:29,2025-08-19 19:37:47,0.9529861111111111
121592,2025-08-18 18:40:18,2025-10-08 12:50:10,50.75685185185185
121589,2025-08-18 15:30:08,2025-08-18 15:47:51,0.012303240740740741
121586,2025-08-18 14:53:37,2025-08-18 15:21:04,0.0190625
121583,2025-08-18 08:40:15,2025-08-28 09:20:57,10.028263888888889
121580,2025-08-18 02:39:15,2025-08-18 02:42:34,0.0023032407407407407
121579,2025-08-17 23:52:59,2025-08-18 00:00:31,0.005231481481481481
121578,2025-08-17 18:15:28,2025-08-19 05:12:59,1.4566087962962964
121575,2025-08-17 05:07:34,2025-08-28 09:19:59,11.175289351851852
121573,2025-08-16 18:00:15,2025-08-16 18:53:51,0.03722222222222222
121572,2025-08-16 13:10:42,2025-08-20 07:39:55,3.7702893518518517
121569,2025-08-16 04:08:16,2025-08-17 22:10:12,1.7513425925925925
121568,2025-08-15 23:12:31,2025-08-20 12:42:18,4.562349537037037
121567,2025-08-15 20:09:36,2025-09-12 20:13:11,28.002488425925925
121566,2025-08-15 16:12:52,2025-08-15 17:56:37,0.0720486111111111
121565,2025-08-15 16:01:38,2025-08-15 16:03:49,0.0015162037037037036
121564,2025-08-15 13:25:11,2025-08-15 22:08:48,0.3636226851851852
121560,2025-08-15 00:31:06,2025-08-15 00:37:26,0.004398148148148148
121555,2025-08-14 17:49:08,2025-08-14 19:37:10,0.07502314814814814
121553,2025-08-14 17:02:20,2025-09-22 02:12:04,38.38175925925926
121552,2025-08-14 15:25:38,2025-08-15 20:44:44,1.2215972222222222
121548,2025-08-14 11:18:02,2025-09-02 14:22:09,19.127858796296298
121545,2025-08-14 08:12:23,2025-08-14 09:34:59,0.05736111111111111
121544,2025-08-14 04:32:19,2025-09-08 23:09:52,25.77607638888889
121543,2025-08-14 03:09:09,2025-08-14 13:02:47,0.41224537037037035
121542,2025-08-14 02:47:03,2025-08-15 01:17:24,0.9377430555555556
121541,2025-08-13 22:08:13,2025-08-17 01:31:33,3.1412037037037037
121540,2025-08-13 20:31:53,2025-08-29 23:06:16,16.107210648148147
121538,2025-08-13 19:13:46,2025-08-17 03:19:08,3.337060185185185
121536,2025-08-13 16:01:13,2025-08-19 09:25:19,5.725069444444444
121534,2025-08-13 15:23:31,2025-08-24 14:04:53,10.945393518518518
121532,2025-08-13 11:45:49,2025-09-12 18:56:43,30.29923611111111
121531,2025-08-13 10:14:15,2025-08-13 23:19:59,0.5456481481481481
121530,2025-08-13 10:02:34,2025-09-02 08:48:41,19.94869212962963
121528,2025-08-13 08:24:13,2025-08-13 17:09:48,0.36498842592592595
121527,2025-08-13 07:11:48,2025-09-24 09:50:21,42.110104166666666
121524,2025-08-13 02:25:02,2025-10-14 19:02:57,62.69299768518518
121523,2025-08-12 22:23:25,2025-09-04 15:00:55,22.692708333333332
121521,2025-08-12 16:27:52,2025-08-12 16:36:07,0.005729166666666666
121520,2025-08-12 13:10:36,2025-08-27 16:24:31,15.134664351851852
121517,2025-08-12 06:19:33,2025-08-12 06:21:36,0.0014236111111111112
121516,2025-08-11 22:46:45,2025-08-13 01:51:43,1.128449074074074
121515,2025-08-11 22:40:17,2025-08-11 23:01:26,0.0146875
121514,2025-08-11 18:20:08,2025-08-12 08:20:12,0.5833796296296296
121512,2025-08-11 15:51:02,2025-09-16 03:21:31,35.479502314814816
121511,2025-08-11 15:24:39,2025-08-14 06:17:14,2.619849537037037
121510,2025-08-11 14:15:15,2025-09-08 14:10:01,27.996365740740742
121509,2025-08-11 14:11:11,2025-08-12 09:56:51,0.8233796296296296
121501,2025-08-11 11:54:04,2025-08-14 12:39:23,3.0314699074074074
121497,2025-08-11 07:53:50,2025-08-13 01:02:46,1.714537037037037
121496,2025-08-11 07:14:26,2025-09-03 14:56:52,23.32113425925926
121494,2025-08-11 01:41:45,2025-08-12 08:08:01,1.2682407407407408
121493,2025-08-10 19:56:13,2025-08-13 09:06:27,2.548773148148148
121488,2025-08-10 06:38:13,2025-08-12 06:57:01,2.0130555555555554
121484,2025-08-09 10:23:20,2025-08-19 12:39:12,10.094351851851853
121479,2025-08-09 07:05:42,2025-08-09 10:08:44,0.1271064814814815
121478,2025-08-09 04:08:45,2025-08-21 18:37:09,12.603055555555555
121476,2025-08-08 20:58:53,2025-08-19 16:01:45,10.793657407407407
121474,2025-08-08 20:22:48,2025-08-14 07:47:45,5.475659722222222
121470,2025-08-08 17:03:59,2025-08-11 07:23:05,2.596597222222222
121468,2025-08-08 14:48:52,2025-10-15 22:26:55,68.31809027777778
121466,2025-08-08 10:26:08,2025-08-11 17:18:45,3.286539351851852
121463,2025-08-08 09:38:55,2025-08-08 16:35:37,0.289375
121454,2025-08-07 17:25:26,2025-08-08 14:54:12,0.8949768518518518
121449,2025-08-07 14:38:34,2025-08-29 06:16:13,21.651145833333334
121448,2025-08-07 14:33:26,2025-08-28 17:37:33,21.127858796296298
121444,2025-08-07 10:12:39,2025-08-10 16:38:54,3.2682291666666665
121442,2025-08-07 08:43:28,2025-10-08 12:47:49,62.1696875
121438,2025-08-07 03:25:03,2025-08-10 16:38:39,3.551111111111111
121433,2025-08-06 20:43:22,2025-08-19 12:40:06,12.664398148148148
121427,2025-08-06 15:49:15,2025-08-06 15:51:49,0.0017824074074074075
121422,2025-08-06 06:35:22,2025-08-08 21:32:06,2.6227314814814813
121421,2025-08-06 04:10:54,2025-09-16 22:30:40,41.76372685185185
121418,2025-08-05 17:29:02,2025-09-15 16:21:47,40.95329861111111
121417,2025-08-05 17:09:21,2025-09-15 16:21:59,40.96710648148148
121414,2025-08-05 14:10:09,2025-08-14 20:58:02,9.283252314814815
121413,2025-08-05 11:38:18,2025-08-08 13:33:12,3.0797916666666665
121410,2025-08-05 06:23:58,2025-08-05 19:32:47,0.5477893518518518
121407,2025-08-04 22:06:15,2025-08-05 04:10:09,0.2527083333333333
121406,2025-08-04 21:37:03,2025-08-05 11:10:59,0.5652314814814815
121399,2025-08-04 13:29:24,2025-08-05 07:06:32,0.7341203703703704
121398,2025-08-04 13:14:41,2025-09-04 10:58:38,30.905520833333334
121396,2025-08-04 12:03:20,2025-08-19 02:45:16,14.612453703703704
121392,2025-08-04 10:36:58,2025-09-01 10:42:15,28.003668981481482
121391,2025-08-04 08:48:34,2025-09-15 07:21:46,41.93972222222222
121387,2025-08-03 22:40:21,2025-08-04 09:51:35,0.4661342592592593
121380,2025-08-03 10:26:50,2025-08-04 13:36:26,1.1316666666666666
121378,2025-08-03 06:45:44,2025-08-27 06:18:51,23.981331018518517
121374,2025-08-02 19:24:03,2025-09-03 10:00:42,31.60878472222222
121373,2025-08-02 18:17:57,2025-08-08 08:38:09,5.597361111111111
121372,2025-08-02 10:42:10,2025-08-02 19:01:49,0.34697916666666667
121369,2025-08-02 09:10:44,2025-08-02 09:46:16,0.024675925925925928
121368,2025-08-02 08:36:46,2025-08-19 10:17:59,17.07028935185185
121365,2025-08-01 22:59:07,2025-08-01 23:07:06,0.005543981481481481
121362,2025-08-01 21:19:19,2025-08-13 23:16:23,12.081296296296296
121359,2025-08-01 18:17:00,2025-08-05 14:44:38,3.852523148148148
121358,2025-08-01 17:48:08,2025-08-04 09:01:56,2.6345833333333335
121355,2025-08-01 14:34:31,2025-09-03 07:03:22,32.68670138888889
121354,2025-08-01 13:28:06,2025-08-02 08:48:26,0.805787037037037
121351,2025-08-01 11:07:49,2025-08-26 02:11:44,24.627719907407407
121350,2025-08-01 11:00:14,2025-08-01 12:54:58,0.07967592592592593
121348,2025-08-01 09:59:11,2025-08-19 09:46:51,17.991435185185185
121344,2025-07-31 22:32:46,2025-07-31 23:01:06,0.019675925925925927
121340,2025-07-31 18:29:00,2025-07-31 19:27:24,0.04055555555555555
121338,2025-07-31 16:46:05,2025-08-01 08:50:21,0.6696296296296296
121335,2025-07-31 14:05:29,2025-08-19 05:22:17,18.636666666666667
121334,2025-07-31 13:09:01,2025-08-12 21:42:44,12.356747685185185
121332,2025-07-31 10:05:48,2025-08-17 10:24:37,17.01306712962963
121326,2025-07-31 01:50:16,2025-07-31 01:53:56,0.0025462962962962965
121324,2025-07-31 00:23:38,2025-07-31 00:27:32,0.0027083333333333334
121323,2025-07-31 00:10:02,2025-08-01 07:22:14,1.300138888888889
121322,2025-07-30 23:54:33,2025-08-08 13:33:35,8.568773148148148
121320,2025-07-30 23:13:22,2025-08-01 10:31:43,1.471076388888889
121319,2025-07-30 22:52:48,2025-07-30 23:05:52,0.009074074074074075
121318,2025-07-30 19:19:54,2025-08-01 11:12:57,1.6618402777777779
121314,2025-07-30 14:19:40,2025-08-01 10:33:37,1.8430208333333333
121313,2025-07-30 10:35:07,2025-08-19 11:02:45,20.019189814814816
121312,2025-07-30 10:13:27,2025-08-19 02:31:44,19.679363425925924
121311,2025-07-30 09:15:14,2025-07-30 09:34:27,0.013344907407407408
121310,2025-07-30 06:11:27,2025-07-30 06:16:16,0.0033449074074074076
121309,2025-07-30 04:24:37,2025-07-30 09:34:27,0.21516203703703704
121308,2025-07-30 03:53:53,2025-07-30 15:31:30,0.4844560185185185
121306,2025-07-29 23:09:15,2025-08-11 08:26:19,12.386851851851851
121304,2025-07-29 22:10:50,2025-07-30 09:16:17,0.4621180555555556
121303,2025-07-29 20:46:46,2025-08-04 13:37:07,5.701631944444444
121302,2025-07-29 18:20:58,2025-07-30 00:15:12,0.24599537037037036
121299,2025-07-29 12:42:22,2025-07-29 21:12:43,0.3544097222222222
121297,2025-07-29 11:15:40,2025-07-29 20:55:40,0.4027777777777778
121295,2025-07-29 10:33:35,2025-07-30 15:32:00,1.2072337962962962
121294,2025-07-29 09:11:39,2025-08-14 20:56:40,16.489594907407408
121293,2025-07-29 08:52:24,2025-08-04 10:48:20,6.08050925925926
121291,2025-07-29 05:51:07,2025-07-30 21:57:25,1.6710416666666668
121289,2025-07-29 04:55:37,2025-07-29 08:13:46,0.13760416666666667
121285,2025-07-28 23:00:02,2025-07-29 11:38:05,0.5264236111111111
121283,2025-07-28 20:47:52,2025-07-28 20:54:17,0.004456018518518519
121278,2025-07-28 16:01:17,2025-07-28 16:09:19,0.005578703703703704
121277,2025-07-28 15:46:03,2025-07-28 20:25:27,0.19402777777777777
121276,2025-07-28 13:58:17,2025-07-28 13:58:57,0.000462962962962963
121274,2025-07-28 12:54:26,2025-07-31 02:44:43,2.576585648148148
121273,2025-07-28 12:20:06,2025-07-28 16:25:19,0.17028935185185184
121269,2025-07-28 09:42:58,2025-09-15 07:24:44,48.90400462962963
121266,2025-07-27 23:02:13,2025-07-28 08:14:55,0.38381944444444444
121264,2025-07-27 21:38:04,2025-07-31 10:34:25,3.5391319444444442
121263,2025-07-27 20:44:13,2025-10-05 19:33:27,69.95085648148148
121261,2025-07-27 16:25:16,2025-07-29 11:28:30,1.793912037037037
121260,2025-07-27 15:26:50,2025-07-30 07:15:51,2.659039351851852
121259,2025-07-27 09:09:12,2025-07-31 04:13:05,3.794363425925926
121254,2025-07-26 22:22:39,2025-08-01 03:02:26,5.194293981481482
121253,2025-07-26 15:54:02,2025-08-18 15:12:19,22.971030092592592
121248,2025-07-25 19:57:15,2025-07-25 20:15:23,0.012592592592592593
121246,2025-07-25 18:25:29,2025-07-25 21:35:04,0.1316550925925926
121244,2025-07-25 12:50:47,2025-08-20 00:07:32,25.469965277777778
121238,2025-07-24 21:32:04,2025-08-01 03:12:52,7.236666666666666
121236,2025-07-24 19:19:22,2025-07-30 15:29:37,5.840451388888889
121235,2025-07-24 17:45:16,2025-07-24 18:03:27,0.012627314814814815
121234,2025-07-24 15:22:17,2025-08-13 03:22:59,19.500486111111112
121233,2025-07-24 13:16:39,2025-07-24 14:47:59,0.06342592592592593
121231,2025-07-24 09:52:25,2025-08-06 18:48:09,13.372037037037037
121226,2025-07-23 10:38:38,2025-07-23 17:58:15,0.30528935185185185
121224,2025-07-23 08:05:48,2025-07-23 10:59:06,0.12034722222222222
121221,2025-07-22 22:02:03,2025-07-23 01:03:06,0.12572916666666667
121220,2025-07-22 21:53:08,2025-07-25 04:16:06,2.265949074074074
121219,2025-07-22 20:59:04,2025-09-16 22:57:40,56.08236111111111
121216,2025-07-22 13:04:54,2025-07-23 06:51:27,0.7406597222222222
121215,2025-07-22 11:21:38,2025-07-29 18:01:12,7.277476851851852
121214,2025-07-22 07:59:31,2025-08-19 20:47:59,28.533657407407407
121213,2025-07-22 06:36:11,2025-09-04 06:18:52,43.98797453703704
121208,2025-07-21 23:04:17,2025-08-29 23:06:52,39.001793981481484
121207,2025-07-21 22:17:58,2025-07-21 22:20:35,0.0018171296296296297
121206,2025-07-21 21:12:48,2025-10-15 22:25:39,86.05059027777777
121205,2025-07-21 20:53:58,2025-09-13 12:19:41,53.642858796296295
121203,2025-07-21 18:53:48,2025-08-22 20:12:09,32.054409722222225
121202,2025-07-21 17:45:12,2025-07-24 08:25:01,2.6109837962962965
121201,2025-07-21 17:23:33,2025-07-22 09:36:04,0.6753587962962962
121199,2025-07-21 13:26:44,2025-08-06 13:18:25,15.994224537037036
121196,2025-07-21 09:55:19,2025-07-28 09:42:03,6.990787037037037
121194,2025-07-21 09:26:15,2025-07-21 15:01:16,0.23265046296296296
121193,2025-07-21 08:48:01,2025-07-21 15:18:39,0.2712731481481481
121190,2025-07-21 08:04:58,2025-07-31 05:05:47,9.87556712962963
121185,2025-07-21 06:38:13,2025-07-27 15:35:52,6.373368055555556
121184,2025-07-21 01:51:54,2025-07-21 18:33:38,0.6956481481481481
121182,2025-07-20 17:53:25,2025-08-09 10:43:14,19.701261574074074
121179,2025-07-19 16:04:12,2025-07-23 12:39:52,3.8581018518518517
121175,2025-07-19 08:33:46,2025-07-25 04:47:01,5.842534722222222
121174,2025-07-19 08:24:45,2025-07-20 06:24:57,0.9168055555555555
121172,2025-07-19 06:24:35,2025-07-20 01:44:24,0.8054282407407407
121170,2025-07-19 02:45:23,2025-07-19 03:03:28,0.01255787037037037
121169,2025-07-19 02:42:34,2025-07-19 04:09:05,0.06008101851851852
121164,2025-07-18 16:17:36,2025-07-26 12:22:05,7.8364467592592595
121163,2025-07-18 16:00:24,2025-07-19 15:35:52,0.9829629629629629
121162,2025-07-18 15:56:15,2025-07-19 15:35:38,0.9856828703703704
121161,2025-07-18 15:31:18,2025-09-21 12:48:50,64.88717592592593
121160,2025-07-18 14:40:34,2025-08-13 17:53:50,26.134212962962962
121159,2025-07-18 12:51:37,2025-08-01 05:53:53,13.709907407407407
121156,2025-07-18 10:08:58,2025-07-18 11:03:12,0.037662037037037036
121154,2025-07-18 08:49:24,2025-07-18 13:38:40,0.20087962962962963
121153,2025-07-18 08:03:31,2025-07-18 17:27:47,0.39185185185185184
121150,2025-07-17 22:47:20,2025-07-18 09:54:38,0.4634027777777778
121148,2025-07-17 17:59:56,2025-09-12 15:18:55,56.88818287037037
121145,2025-07-17 11:29:32,2025-08-22 19:55:36,36.35143518518519
121144,2025-07-17 09:40:37,2025-07-17 10:43:48,0.04387731481481481
121141,2025-07-17 06:27:45,2025-07-17 10:02:28,0.1491087962962963
121140,2025-07-17 05:14:53,2025-07-17 18:09:34,0.537974537037037
121138,2025-07-17 02:10:17,2025-07-17 02:40:36,0.02105324074074074
121131,2025-07-16 17:28:07,2025-07-18 09:55:58,1.6860069444444445
121130,2025-07-16 17:22:00,2025-07-31 07:38:56,14.595092592592593
121128,2025-07-16 17:13:01,2025-08-19 09:07:17,33.66268518518518
121127,2025-07-16 17:10:02,2025-08-08 13:34:03,22.850011574074074
121126,2025-07-16 17:01:26,2025-07-18 10:17:29,1.7194791666666667
121124,2025-07-16 16:36:03,2025-07-19 15:20:43,2.9476851851851853
121121,2025-07-16 12:41:58,2025-08-02 21:20:59,17.36042824074074
121120,2025-07-16 12:40:38,2025-07-16 15:39:58,0.12453703703703704
121118,2025-07-16 12:12:27,2025-08-18 15:12:50,33.1252662037037
121116,2025-07-16 11:07:31,2025-07-16 13:37:27,0.10412037037037038
121115,2025-07-16 10:19:41,2025-07-22 23:58:26,6.568576388888889
121113,2025-07-16 07:56:49,2025-08-13 02:33:53,27.77574074074074
121110,2025-07-16 07:35:45,2025-07-16 10:11:51,0.10840277777777778
121108,2025-07-16 06:37:41,2025-08-29 12:39:16,44.251099537037035
121102,2025-07-16 06:01:50,2025-07-16 06:04:49,0.0020717592592592593
121097,2025-07-15 19:27:50,2025-09-04 18:45:47,50.970798611111114
121096,2025-07-15 16:19:49,2025-08-29 12:39:58,44.84732638888889
121095,2025-07-15 15:57:21,2025-07-26 18:23:23,11.101412037037036
121079,2025-07-15 08:44:39,2025-07-16 06:42:57,0.9154861111111111
121075,2025-07-14 21:14:51,2025-10-08 12:43:10,85.64466435185186
121073,2025-07-14 20:58:10,2025-07-23 20:05:22,8.963333333333333
121072,2025-07-14 20:48:06,2025-10-08 12:40:33,85.6614236111111
121070,2025-07-14 16:20:50,2025-07-14 16:41:00,0.014004629629629629
121065,2025-07-14 11:41:10,2025-07-23 02:41:07,8.624965277777777
121064,2025-07-14 11:27:11,2025-07-28 15:51:29,14.183541666666667
121062,2025-07-14 09:32:02,2025-07-17 02:17:44,2.698402777777778
121061,2025-07-14 06:40:11,2025-07-28 14:53:04,14.342280092592592
121060,2025-07-14 04:37:33,2025-07-16 19:37:37,2.625046296296296
121057,2025-07-13 16:09:07,2025-07-14 08:21:39,0.6753703703703704
121056,2025-07-13 16:07:57,2025-07-14 11:48:04,0.8195254629629629
121055,2025-07-13 13:49:27,2025-07-24 12:59:21,10.965208333333333
121049,2025-07-12 23:59:34,2025-07-18 08:50:10,5.3684722222222225
121048,2025-07-12 15:40:36,2025-07-18 07:33:43,5.6618865740740745
121046,2025-07-12 11:08:57,2025-09-12 13:09:02,62.083391203703705
121035,2025-07-11 13:00:13,2025-07-18 08:49:48,6.826099537037037
121034,2025-07-11 10:23:31,2025-07-11 13:51:16,0.14427083333333332
121033,2025-07-11 09:08:31,2025-07-11 16:51:15,0.32134259259259257
121031,2025-07-11 02:40:56,2025-07-11 02:44:18,0.002337962962962963
121028,2025-07-10 18:11:14,2025-07-31 15:19:58,20.881064814814813
121027,2025-07-10 17:09:58,2025-07-26 17:42:09,16.022349537037037
121023,2025-07-10 11:06:26,2025-07-11 11:00:50,0.9961111111111111
121022,2025-07-10 05:55:34,2025-07-10 15:43:57,0.40859953703703705
121021,2025-07-10 04:01:53,2025-07-10 09:04:53,0.21041666666666667
121020,2025-07-09 23:34:16,2025-07-30 10:00:12,20.434675925925927
121015,2025-07-09 13:33:55,2025-07-17 02:17:44,7.530428240740741
121014,2025-07-09 12:53:39,2025-07-11 06:00:57,1.7134027777777778
121013,2025-07-09 12:50:52,2025-07-09 16:34:30,0.15530092592592593
121012,2025-07-09 04:24:45,2025-07-10 13:02:03,1.359236111111111
121010,2025-07-09 04:08:05,2025-07-09 05:44:28,0.06693287037037036
121009,2025-07-09 03:45:38,2025-07-09 04:40:35,0.03815972222222222
121008,2025-07-09 03:45:20,2025-09-23 22:21:59,76.77545138888888
121007,2025-07-09 01:14:22,2025-08-14 13:31:48,36.51210648148148
121001,2025-07-08 19:18:40,2025-07-08 19:37:25,0.013020833333333334
120998,2025-07-08 12:27:51,2025-10-09 13:45:29,93.05391203703704
120997,2025-07-08 12:00:02,2025-07-11 10:05:00,2.9201157407407408
120995,2025-07-08 08:43:25,2025-07-15 13:35:01,7.2025
120994,2025-07-08 08:12:19,2025-08-21 09:58:36,44.07380787037037
120993,2025-07-08 08:03:05,2025-07-28 21:03:16,20.541793981481483
120986,2025-07-07 11:17:32,2025-08-15 13:39:50,39.098819444444445
120984,2025-07-07 10:23:31,2025-07-07 11:02:06,0.02679398148148148
120977,2025-07-06 18:19:56,2025-08-08 14:25:10,32.83696759259259
120976,2025-07-06 17:19:41,2025-07-08 01:00:35,1.3200694444444445
120975,2025-07-06 15:36:50,2025-07-06 15:39:59,0.0021875
120969,2025-07-05 20:59:59,2025-07-05 22:06:19,0.046064814814814815
120965,2025-07-05 08:33:51,2025-07-05 14:52:11,0.26273148148148145
120964,2025-07-05 08:31:02,2025-07-05 14:51:54,0.26449074074074075
120962,2025-07-04 20:13:11,2025-07-25 04:50:08,20.358993055555555
120961,2025-07-04 17:49:50,2025-07-25 06:49:50,20.541666666666668
120956,2025-07-04 13:44:01,2025-07-04 13:44:30,0.0003356481481481481
120953,2025-07-04 11:49:34,2025-07-04 15:51:46,0.16819444444444445
120951,2025-07-04 08:52:30,2025-07-06 14:59:40,2.254976851851852
120949,2025-07-04 07:24:46,2025-07-07 20:52:37,3.5610069444444443
120946,2025-07-03 19:17:32,2025-07-03 20:00:22,0.02974537037037037
120943,2025-07-03 15:05:37,2025-07-04 16:18:26,1.0505671296296297
120942,2025-07-03 14:29:13,2025-07-05 15:24:38,2.0384837962962963
120941,2025-07-03 14:20:57,2025-08-04 02:20:51,31.499930555555554
120940,2025-07-03 13:32:29,2025-07-03 21:13:00,0.31980324074074074
120938,2025-07-03 12:42:26,2025-07-04 01:04:22,0.5152314814814815
120937,2025-07-03 00:49:16,2025-07-03 02:09:38,0.055810185185185185
120934,2025-07-02 22:42:22,2025-07-03 15:33:47,0.7023726851851851
120931,2025-07-02 19:51:25,2025-07-03 14:37:42,0.7821412037037037
120930,2025-07-02 17:18:25,2025-10-08 13:48:36,97.85429398148148
120929,2025-07-02 14:24:08,2025-07-08 19:37:33,6.217650462962963
120928,2025-07-02 13:06:47,2025-07-02 13:45:40,0.027002314814814816
120927,2025-07-02 12:24:20,2025-07-14 09:22:06,11.873449074074074
120924,2025-07-02 08:53:00,2025-07-18 09:47:59,16.03818287037037
120923,2025-07-02 00:23:18,2025-07-24 16:32:48,22.67326388888889
120922,2025-07-01 17:25:18,2025-07-09 07:43:18,7.595833333333333
120921,2025-07-01 17:24:38,2025-07-06 14:59:02,4.898888888888889
120919,2025-07-01 15:00:35,2025-08-08 13:31:31,37.93814814814815
120912,2025-07-01 09:06:30,2025-07-18 09:05:05,16.999016203703704
120909,2025-07-01 08:55:10,2025-07-02 02:33:12,0.7347453703703704
120908,2025-07-01 08:51:10,2025-08-16 14:15:31,46.22524305555555
120907,2025-07-01 03:08:39,2025-07-01 03:18:00,0.006493055555555556
120906,2025-07-01 03:06:24,2025-07-01 03:16:36,0.007083333333333333
120905,2025-07-01 03:03:12,2025-07-25 19:44:05,24.69505787037037
120902,2025-07-01 00:08:57,2025-07-01 08:31:35,0.3490509259259259
120896,2025-06-30 17:17:03,2025-06-30 17:36:07,0.01324074074074074
120895,2025-06-30 17:10:22,2025-07-21 12:57:42,20.824537037037036
120890,2025-06-30 12:57:39,2025-06-30 14:58:43,0.08407407407407408
120889,2025-06-30 12:47:29,2025-07-07 06:56:44,6.756423611111111
120888,2025-06-30 11:32:45,2025-08-24 03:24:00,54.66059027777778
120881,2025-06-30 10:41:19,2025-07-24 16:32:48,24.244085648148147
120880,2025-06-30 10:35:35,2025-07-01 14:27:45,1.1612268518518518
120874,2025-06-30 08:54:09,2025-07-03 21:06:19,3.508449074074074
120872,2025-06-30 03:43:25,2025-10-07 10:10:35,99.26886574074074
120869,2025-06-30 00:33:04,2025-06-30 04:41:21,0.1724189814814815
120866,2025-06-29 08:48:43,2025-07-13 19:08:18,14.430266203703704
120859,2025-06-28 20:12:51,2025-07-20 02:39:22,21.268414351851852
120856,2025-06-28 14:18:02,2025-06-28 14:41:33,0.01633101851851852
120855,2025-06-28 13:39:08,2025-07-27 00:08:42,28.437199074074073
120854,2025-06-28 06:14:23,2025-06-28 15:46:15,0.3971296296296296
120853,2025-06-28 01:52:03,2025-06-28 04:18:15,0.10152777777777777
120852,2025-06-28 01:34:49,2025-06-28 04:24:05,0.1175462962962963
120851,2025-06-28 01:02:01,2025-06-28 01:07:25,0.00375
120850,2025-06-28 00:38:22,2025-06-28 05:36:52,0.20729166666666668
120849,2025-06-27 21:47:41,2025-06-28 20:26:43,0.9437731481481482
120847,2025-06-27 09:20:52,2025-07-08 10:19:02,11.040393518518519
120845,2025-06-27 08:05:03,2025-08-08 13:00:46,42.205358796296295
120843,2025-06-27 07:38:08,2025-07-09 07:28:39,11.993414351851852
120830,2025-06-25 22:44:42,2025-06-27 01:11:47,1.1021412037037037
120828,2025-06-25 16:17:10,2025-06-27 14:53:16,1.941736111111111
120827,2025-06-25 16:10:53,2025-06-25 21:44:35,0.23173611111111111
120825,2025-06-25 14:19:19,2025-06-25 14:46:16,0.01871527777777778
120824,2025-06-25 13:56:04,2025-08-17 00:24:39,52.436516203703704
120822,2025-06-25 12:40:00,2025-08-19 10:49:21,54.92315972222222
120821,2025-06-25 10:22:09,2025-06-25 20:48:06,0.4346875
120819,2025-06-25 09:39:49,2025-06-26 06:19:27,0.8608564814814815
120818,2025-06-25 08:58:03,2025-10-08 12:33:26,105.14957175925926
120816,2025-06-25 02:51:14,2025-06-26 06:02:41,1.132951388888889
120813,2025-06-24 16:50:59,2025-07-14 12:44:53,19.829097222222224
120811,2025-06-24 16:17:28,2025-10-13 22:18:35,111.25077546296296
120809,2025-06-24 15:32:21,2025-06-26 17:49:03,2.0949305555555555
120808,2025-06-24 15:16:53,2025-06-27 10:57:02,2.819548611111111
120807,2025-06-24 13:39:54,2025-07-17 08:30:50,22.78537037037037
120805,2025-06-24 13:29:47,2025-07-31 14:31:34,37.04290509259259
120803,2025-06-24 12:34:27,2025-06-25 07:01:11,0.7685648148148149
120801,2025-06-24 10:16:34,2025-06-24 11:02:16,0.03173611111111111
120800,2025-06-24 08:50:41,2025-09-08 16:14:49,76.30842592592593
120797,2025-06-24 05:45:19,2025-06-24 13:46:14,0.3339699074074074
120795,2025-06-23 19:39:45,2025-07-03 01:55:29,9.260925925925926
120788,2025-06-23 17:45:07,2025-06-23 18:12:16,0.01885416666666667
120785,2025-06-23 17:22:54,2025-06-23 18:56:18,0.0648611111111111
120784,2025-06-23 16:32:52,2025-08-22 19:54:40,60.14013888888889
120781,2025-06-23 12:07:58,2025-06-23 13:02:24,0.037800925925925925
120780,2025-06-23 11:38:44,2025-07-10 11:12:57,16.982094907407408
120779,2025-06-23 11:27:02,2025-07-29 16:11:57,36.197858796296295
120778,2025-06-23 09:11:02,2025-10-10 13:48:54,109.19296296296297
120777,2025-06-23 09:08:37,2025-06-27 22:06:42,4.540335648148148
120776,2025-06-23 09:04:21,2025-08-23 17:40:23,61.35835648148148
120773,2025-06-23 08:59:22,2025-06-24 17:02:50,1.3357407407407407
120769,2025-06-23 07:23:48,2025-06-23 17:53:46,0.43747685185185187
120764,2025-06-22 20:59:24,2025-06-23 10:19:16,0.5554629629629629
120762,2025-06-22 18:29:26,2025-06-22 22:23:16,0.16238425925925926
120753,2025-06-21 17:49:57,2025-07-19 07:18:00,27.561145833333335
120750,2025-06-21 16:55:48,2025-06-24 15:34:29,2.9435300925925927
120748,2025-06-21 15:06:01,2025-07-04 00:05:40,12.374756944444444
120746,2025-06-21 12:57:54,2025-06-21 14:45:40,0.07483796296296297
120745,2025-06-21 12:44:59,2025-06-24 15:31:44,3.115798611111111
120743,2025-06-21 12:20:42,2025-06-24 20:54:02,3.3564814814814814
120737,2025-06-20 23:37:23,2025-06-21 15:44:37,0.6716898148148148
120736,2025-06-20 23:24:56,2025-07-14 12:44:53,23.555520833333333
120735,2025-06-20 22:54:04,2025-06-22 16:28:11,1.732025462962963
120734,2025-06-20 20:08:42,2025-06-22 21:40:34,2.0637962962962964
120733,2025-06-20 19:48:55,2025-06-30 08:53:34,9.544895833333333
120731,2025-06-20 14:46:58,2025-07-18 07:03:27,27.678113425925925
120730,2025-06-20 10:58:21,2025-07-07 19:33:16,17.35758101851852
120726,2025-06-20 04:58:54,2025-06-23 15:07:08,3.422384259259259
120725,2025-06-20 04:34:27,2025-07-07 07:55:07,17.139351851851853
120722,2025-06-19 21:58:10,2025-06-23 10:21:22,3.516111111111111
120721,2025-06-19 20:21:08,2025-06-23 10:21:22,3.5834953703703705
120719,2025-06-19 17:50:54,2025-06-26 13:55:32,6.836550925925926
120718,2025-06-19 15:26:24,2025-08-14 16:59:12,56.06444444444445
120717,2025-06-19 15:25:04,2025-06-24 13:54:57,4.937418981481481
120716,2025-06-19 13:46:31,2025-07-04 00:07:02,14.430914351851852
120714,2025-06-19 13:01:55,2025-08-02 21:20:59,44.34657407407408
120711,2025-06-19 09:29:04,2025-07-03 12:13:56,14.114490740740742
120709,2025-06-19 07:25:54,2025-07-15 05:05:54,25.90277777777778
120708,2025-06-19 06:36:29,2025-07-07 07:50:47,18.051597222222224
120705,2025-06-19 00:03:17,2025-07-01 17:24:11,12.722847222222223
120703,2025-06-18 18:14:03,2025-06-18 18:22:17,0.005717592592592593
120701,2025-06-18 12:06:00,2025-06-20 19:19:42,2.3011805555555553
120700,2025-06-18 07:59:10,2025-06-18 09:07:41,0.047581018518518516
120698,2025-06-18 07:45:21,2025-09-08 20:58:57,82.55111111111111
120697,2025-06-18 05:46:05,2025-06-21 06:11:56,3.0179513888888887
120694,2025-06-18 03:09:28,2025-06-18 03:37:21,0.019363425925925926
120693,2025-06-17 23:01:56,2025-06-17 23:13:41,0.008159722222222223
120684,2025-06-17 00:34:31,2025-07-04 00:08:20,16.98181712962963
120683,2025-06-16 23:18:46,2025-07-07 07:47:31,20.35329861111111
120682,2025-06-16 23:18:20,2025-06-18 15:16:58,1.6657175925925927
120680,2025-06-16 22:15:20,2025-06-17 09:20:11,0.4617013888888889
120678,2025-06-16 19:37:47,2025-06-17 12:10:05,0.6890972222222222
120677,2025-06-16 18:59:08,2025-06-17 11:26:32,0.6856944444444445
120676,2025-06-16 16:18:08,2025-06-23 14:14:58,6.914467592592593
120674,2025-06-16 13:07:43,2025-10-13 20:36:33,119.31168981481481
120673,2025-06-16 12:27:47,2025-07-18 00:55:01,31.518912037037037
120670,2025-06-16 10:53:30,2025-07-07 16:57:48,21.25298611111111
120666,2025-06-16 04:47:05,2025-06-20 11:15:36,4.269803240740741
120665,2025-06-15 21:08:48,2025-06-28 09:45:46,12.525671296296297
120661,2025-06-15 11:53:53,2025-06-19 22:36:30,4.446261574074074
120660,2025-06-15 11:25:35,2025-07-29 14:39:29,44.13465277777778
120659,2025-06-15 11:23:52,2025-06-30 20:07:35,15.36369212962963
120658,2025-06-15 11:19:27,2025-06-17 10:16:47,1.9564814814814815
120656,2025-06-14 18:35:26,2025-06-25 11:50:06,10.718518518518518
120654,2025-06-14 09:02:21,2025-10-14 13:28:21,122.18472222222222
120653,2025-06-13 23:14:47,2025-06-16 00:46:57,2.0640046296296295
120652,2025-06-13 21:05:20,2025-06-21 12:08:27,7.627164351851852
120651,2025-06-13 17:16:20,2025-07-02 17:39:58,19.016412037037036
120650,2025-06-13 15:04:05,2025-06-30 14:06:52,16.960266203703704
120648,2025-06-13 11:25:42,2025-07-02 06:46:24,18.806041666666665
120646,2025-06-13 07:54:03,2025-07-19 04:13:30,35.84684027777778
120644,2025-06-13 06:21:10,2025-06-28 14:53:45,15.355960648148148
120643,2025-06-13 02:14:04,2025-08-29 07:41:22,77.22729166666667
120642,2025-06-12 19:26:54,2025-07-09 11:29:14,26.668287037037036
120641,2025-06-12 13:54:18,2025-06-16 07:28:20,3.731967592592593
120638,2025-06-12 08:33:35,2025-06-13 08:14:56,0.9870486111111111
120637,2025-06-11 20:13:59,2025-07-15 10:18:46,33.58665509259259
120636,2025-06-11 19:15:40,2025-06-12 18:08:09,0.953113425925926
120631,2025-06-11 09:46:02,2025-07-01 00:40:51,19.621400462962963
120630,2025-06-11 06:41:43,2025-06-12 18:07:50,1.4764699074074075
120629,2025-06-11 04:44:38,2025-06-13 21:18:43,2.690335648148148
120627,2025-06-10 23:02:42,2025-07-14 12:44:52,33.57094907407407
120626,2025-06-10 21:57:51,2025-08-06 13:43:36,56.65677083333333
120625,2025-06-10 17:22:20,2025-06-12 13:00:49,1.8183912037037038
120624,2025-06-10 15:37:34,2025-07-03 07:14:01,22.6503125
120622,2025-06-10 15:16:51,2025-06-11 13:20:38,0.9192939814814814
120621,2025-06-10 12:53:47,2025-08-12 21:46:40,63.37005787037037
120620,2025-06-10 11:59:08,2025-08-08 19:21:04,59.30689814814815
120619,2025-06-10 09:43:50,2025-06-10 11:29:59,0.07371527777777778
120618,2025-06-10 08:27:48,2025-08-23 17:20:59,74.37026620370371
120616,2025-06-10 03:25:08,2025-06-10 04:51:43,0.060127314814814814
120615,2025-06-10 01:26:44,2025-06-11 09:03:46,1.3173842592592593
120613,2025-06-10 00:20:39,2025-06-10 12:50:30,0.5207291666666667
120612,2025-06-10 00:17:19,2025-06-10 00:24:45,0.005162037037037037
120611,2025-06-09 23:23:09,2025-08-27 09:25:36,78.41836805555556
120609,2025-06-09 19:53:45,2025-06-19 10:03:37,9.590185185185184
120608,2025-06-09 18:44:33,2025-08-04 20:29:19,56.07275462962963
120607,2025-06-09 15:22:15,2025-06-10 07:39:11,0.6784259259259259
120606,2025-06-09 14:37:03,2025-07-17 19:41:46,38.2116087962963
120605,2025-06-09 14:31:42,2025-06-10 09:21:58,0.7849074074074074
120604,2025-06-09 14:27:15,2025-06-13 08:34:53,3.755300925925926
120603,2025-06-09 13:39:33,2025-08-12 03:48:14,63.589363425925924
120599,2025-06-09 07:07:45,2025-08-08 21:36:39,60.60340277777778
120598,2025-06-09 06:35:24,2025-06-20 16:07:52,11.397546296296296
120596,2025-06-08 13:40:14,2025-06-08 18:48:35,0.21413194444444444
120592,2025-06-08 09:37:58,2025-07-21 23:15:45,43.56790509259259
120590,2025-06-08 08:18:20,2025-06-08 08:27:26,0.006319444444444444
120589,2025-06-08 06:08:42,2025-06-13 02:03:17,4.8295717592592595
120587,2025-06-08 04:34:48,2025-06-20 05:48:41,12.05130787037037
120586,2025-06-07 23:31:46,2025-06-08 04:08:59,0.19251157407407407
120584,2025-06-07 21:27:44,2025-06-07 22:11:38,0.03048611111111111
120578,2025-06-07 14:38:36,2025-06-07 21:24:21,0.28177083333333336
120577,2025-06-07 10:02:19,2025-07-31 13:21:16,54.13815972222222
120576,2025-06-07 07:56:55,2025-06-07 15:08:48,0.2999189814814815
120575,2025-06-07 07:49:44,2025-07-04 13:50:09,27.25028935185185
120574,2025-06-07 05:57:55,2025-06-08 08:08:56,1.0909837962962963
120573,2025-06-07 05:11:34,2025-06-07 05:59:17,0.033136574074074075
120572,2025-06-07 04:33:17,2025-06-07 05:00:44,0.0190625
120570,2025-06-06 15:54:24,2025-06-06 18:25:33,0.10496527777777778
120565,2025-06-05 15:38:04,2025-06-06 08:44:48,0.7130092592592593
120561,2025-06-05 12:52:37,2025-06-05 17:24:40,0.1889236111111111
120559,2025-06-05 11:36:04,2025-06-05 20:58:17,0.39042824074074073
120556,2025-06-05 10:16:21,2025-06-05 16:11:23,0.24655092592592592
120555,2025-06-05 09:48:09,2025-07-20 01:44:24,44.6640625
120554,2025-06-05 09:26:03,2025-07-10 23:35:08,35.58964120370371
120553,2025-06-05 02:22:43,2025-08-25 02:54:29,81.02206018518518
120552,2025-06-05 02:21:12,2025-06-05 02:24:05,0.002002314814814815
120550,2025-06-04 17:36:25,2025-07-03 01:56:29,28.34726851851852
120549,2025-06-04 16:28:39,2025-06-05 05:58:32,0.5624189814814815
120548,2025-06-04 16:18:42,2025-06-11 10:44:23,6.767835648148148
120547,2025-06-04 16:07:26,2025-06-13 08:15:16,8.672106481481482
120546,2025-06-04 13:26:48,2025-06-05 17:34:03,1.171701388888889
120542,2025-06-04 10:42:15,2025-07-17 13:06:42,43.1003125
120541,2025-06-04 08:58:23,2025-06-04 12:07:03,0.1310185185185185
120540,2025-06-04 08:48:01,2025-06-04 12:02:46,0.13524305555555555
120538,2025-06-04 08:41:01,2025-06-04 12:08:21,0.1439814814814815
120535,2025-06-04 08:14:55,2025-06-04 08:16:42,0.001238425925925926
120533,2025-06-04 08:05:50,2025-06-08 19:35:38,4.479027777777778
120530,2025-06-04 07:49:38,2025-07-22 09:13:14,48.058055555555555
120525,2025-06-03 22:08:51,2025-06-04 07:32:27,0.3913888888888889
120523,2025-06-03 17:27:47,2025-08-07 10:12:39,64.69782407407408
120522,2025-06-03 16:45:03,2025-10-08 12:31:47,126.82412037037037
120520,2025-06-03 12:53:04,2025-07-01 15:54:05,28.125706018518517
120519,2025-06-03 12:26:09,2025-06-10 20:49:13,7.349351851851852
120518,2025-06-03 10:14:24,2025-06-04 20:32:55,1.429525462962963
120517,2025-06-03 09:53:25,2025-06-03 13:27:09,0.14842592592592593
120516,2025-06-03 08:45:30,2025-08-25 07:26:43,82.94528935185186
120514,2025-06-03 02:37:39,2025-06-03 19:20:25,0.6963657407407408
120510,2025-06-02 19:54:34,2025-08-08 02:39:44,66.28136574074074
120509,2025-06-02 19:11:11,2025-06-02 20:26:07,0.052037037037037034
120506,2025-06-02 14:45:10,2025-06-02 19:00:59,0.17765046296296297
120504,2025-06-01 20:24:09,2025-06-03 07:53:19,1.478587962962963
120503,2025-06-01 18:43:59,2025-08-17 00:25:05,76.236875
120502,2025-06-01 15:11:01,2025-06-09 13:25:43,7.926875
120501,2025-06-01 13:36:30,2025-06-05 17:03:03,4.1434375
120499,2025-06-01 04:10:05,2025-08-27 13:42:24,87.39744212962962
120498,2025-05-31 21:51:47,2025-06-01 12:05:54,0.593136574074074
120497,2025-05-31 21:32:37,2025-07-16 20:18:45,45.94870370370371
120495,2025-05-31 09:33:14,2025-07-29 15:22:22,59.2424537037037
120494,2025-05-30 23:14:08,2025-06-04 05:37:28,4.266203703703703
120493,2025-05-30 23:12:27,2025-06-02 00:10:15,2.040138888888889
120487,2025-05-30 21:28:28,2025-05-30 23:52:19,0.09989583333333334
120483,2025-05-30 20:17:41,2025-06-13 07:48:17,13.479583333333334
120481,2025-05-30 11:06:50,2025-06-05 09:42:53,5.941701388888889
120480,2025-05-30 09:41:31,2025-06-13 15:44:52,14.25232638888889
120476,2025-05-30 03:22:36,2025-08-13 11:10:48,75.32513888888889
120475,2025-05-30 00:25:50,2025-05-30 19:10:56,0.7813194444444445
120474,2025-05-29 19:36:22,2025-07-17 09:18:10,48.57069444444444
120471,2025-05-29 12:45:04,2025-07-07 08:00:33,38.80241898148148
120470,2025-05-29 11:14:17,2025-05-29 11:30:59,0.011597222222222222
120465,2025-05-28 19:57:40,2025-06-01 21:27:58,4.062708333333333
120464,2025-05-28 18:57:17,2025-05-29 08:00:44,0.5440625
120463,2025-05-28 18:25:51,2025-06-04 12:01:48,6.7332986111111115
120462,2025-05-28 18:04:34,2025-05-28 22:10:57,0.17109953703703704
120461,2025-05-28 17:47:19,2025-07-08 13:45:40,40.8321875
120459,2025-05-28 14:30:51,2025-06-27 14:11:05,29.986273148148147
120457,2025-05-28 14:17:54,2025-05-30 09:47:07,1.8119560185185186
120455,2025-05-28 13:38:34,2025-05-28 16:52:11,0.13445601851851852
120453,2025-05-28 13:12:43,2025-07-29 15:02:22,62.076145833333335
120452,2025-05-28 13:06:18,2025-05-28 15:54:28,0.1167824074074074
120451,2025-05-28 12:18:00,2025-06-03 17:27:47,6.215127314814815
120447,2025-05-27 15:48:47,2025-06-04 12:38:13,7.867662037037037
120444,2025-05-27 08:58:51,2025-06-03 05:57:12,6.873854166666667
120442,2025-05-27 07:26:21,2025-10-09 20:39:16,135.55063657407408
120441,2025-05-27 06:53:36,2025-05-27 08:08:26,0.05196759259259259
120440,2025-05-27 04:56:37,2025-08-01 07:22:28,66.10128472222222
120438,2025-05-26 21:10:51,2025-05-26 21:56:22,0.031608796296296295
120437,2025-05-26 12:10:07,2025-05-26 13:08:39,0.04064814814814815
120436,2025-05-26 11:41:51,2025-05-28 13:54:51,2.092361111111111
120433,2025-05-26 02:59:28,2025-05-26 04:33:22,0.06520833333333333
120432,2025-05-26 01:28:27,2025-06-06 13:41:05,11.508773148148148
120430,2025-05-25 14:49:24,2025-05-27 08:36:05,1.7407523148148147
120423,2025-05-24 19:42:37,2025-07-14 22:04:15,51.09835648148148
120422,2025-05-24 14:43:48,2025-06-19 13:00:11,25.92804398148148
120421,2025-05-24 02:43:59,2025-06-16 22:38:26,23.829479166666665
120420,2025-05-24 02:12:16,2025-05-27 09:09:56,3.290046296296296
120419,2025-05-23 22:16:15,2025-05-23 22:54:32,0.026585648148148146
120418,2025-05-23 18:57:54,2025-05-24 04:28:46,0.39643518518518517
120417,2025-05-23 15:22:03,2025-06-13 13:02:56,20.903391203703702
120415,2025-05-23 07:49:51,2025-05-23 11:43:21,0.16215277777777778
120414,2025-05-23 07:45:49,2025-05-24 00:55:43,0.7152083333333333
120412,2025-05-23 06:52:45,2025-07-24 00:57:25,61.75324074074074
120411,2025-05-23 06:21:14,2025-05-23 13:57:09,0.3166087962962963
120406,2025-05-22 21:37:58,2025-05-23 03:32:01,0.24586805555555555
120405,2025-05-22 21:33:39,2025-05-22 22:19:32,0.03186342592592593
120397,2025-05-22 13:19:53,2025-06-13 15:37:21,22.095462962962962
120395,2025-05-22 10:26:17,2025-05-22 21:19:21,0.45351851851851854
120393,2025-05-22 05:25:13,2025-05-22 05:28:05,0.001990740740740741
120391,2025-05-21 22:59:09,2025-05-21 23:07:52,0.006053240740740741
120389,2025-05-21 20:21:54,2025-07-16 18:34:27,55.925381944444446
120388,2025-05-21 18:45:50,2025-05-21 19:52:17,0.04614583333333333
120387,2025-05-21 18:44:40,2025-05-21 22:09:28,0.14222222222222222
120383,2025-05-21 14:55:45,2025-10-18 07:32:48,149.69239583333334
120378,2025-05-21 09:40:46,2025-10-02 23:18:43,134.56802083333332
120377,2025-05-21 09:36:10,2025-08-01 03:25:58,71.74291666666667
120372,2025-05-20 21:25:36,2025-05-22 13:11:28,1.6568518518518518
120371,2025-05-20 20:33:51,2025-05-21 04:11:48,0.3180208333333333
120369,2025-05-20 19:49:17,2025-07-03 17:33:55,43.90599537037037
120368,2025-05-20 17:48:13,2025-05-21 20:19:52,1.1053125
120367,2025-05-20 15:55:20,2025-05-27 11:25:33,6.812650462962963
120364,2025-05-20 10:36:33,2025-07-08 11:49:00,49.0503125
120363,2025-05-20 08:52:04,2025-05-24 00:55:05,3.668761574074074
120362,2025-05-20 08:32:38,2025-05-22 01:50:09,1.7204976851851852
120361,2025-05-20 03:52:53,2025-05-20 03:59:55,0.004884259259259259
120358,2025-05-19 21:30:26,2025-10-14 13:28:02,147.665
120357,2025-05-19 17:14:49,2025-10-14 13:27:10,147.84190972222223
120356,2025-05-19 16:21:28,2025-07-15 13:35:01,56.88440972222222
120355,2025-05-19 15:42:49,2025-08-11 17:18:45,84.06662037037037
120351,2025-05-19 10:54:08,2025-08-01 12:28:11,74.0653125
120350,2025-05-19 10:54:02,2025-05-20 02:28:13,0.6487384259259259
120349,2025-05-19 10:13:36,2025-05-20 03:41:58,0.7280324074074074
120347,2025-05-19 08:02:46,2025-06-25 16:30:47,37.352789351851854
120344,2025-05-19 06:48:31,2025-05-19 06:50:59,0.001712962962962963
120342,2025-05-18 21:36:57,2025-05-18 21:45:39,0.0060416666666666665
120333,2025-05-18 13:47:47,2025-05-25 13:28:18,6.9864699074074075
120328,2025-05-17 18:09:17,2025-07-29 16:11:09,72.91796296296296
120325,2025-05-17 14:23:08,2025-05-23 11:43:43,5.889293981481481
120323,2025-05-17 09:39:19,2025-05-17 14:52:55,0.21777777777777776
120317,2025-05-16 22:14:24,2025-05-17 05:37:48,0.30791666666666667
120315,2025-05-16 20:36:52,2025-05-16 22:44:29,0.08862268518518518
120312,2025-05-16 15:18:20,2025-05-16 15:29:32,0.0077777777777777776
120309,2025-05-16 14:23:33,2025-05-16 14:33:10,0.006678240740740741
120305,2025-05-16 08:59:56,2025-05-17 18:33:43,1.398460648148148
120299,2025-05-15 20:10:25,2025-07-06 17:26:07,51.88590277777778
120298,2025-05-15 19:50:04,2025-05-15 20:06:57,0.011724537037037037
120297,2025-05-15 18:16:29,2025-07-16 07:38:58,61.55728009259259
120295,2025-05-15 16:00:48,2025-06-12 12:09:08,27.83912037037037
120284,2025-05-15 06:00:43,2025-05-19 02:00:15,3.833009259259259
120278,2025-05-14 18:06:05,2025-05-15 17:45:39,0.9858101851851852
120277,2025-05-14 12:18:19,2025-05-15 17:02:04,1.1970486111111112
120276,2025-05-14 09:16:26,2025-05-23 06:06:25,8.868043981481481
120273,2025-05-14 07:48:14,2025-07-29 15:23:52,76.31641203703704
120271,2025-05-14 06:41:36,2025-05-14 06:48:16,0.004629629629629629
120269,2025-05-14 00:47:41,2025-05-14 00:57:41,0.006944444444444444
120266,2025-05-13 20:38:21,2025-05-15 02:39:09,1.2505555555555556
120263,2025-05-13 18:38:17,2025-05-22 20:57:13,9.096481481481481
120257,2025-05-13 12:34:58,2025-05-13 16:44:00,0.17293981481481482
120253,2025-05-13 08:50:51,2025-07-11 19:40:01,59.45081018518518
120252,2025-05-13 08:20:40,2025-05-15 22:40:46,2.5972916666666666
120248,2025-05-13 04:25:25,2025-05-13 04:33:46,0.005798611111111111
120246,2025-05-13 01:45:11,2025-05-13 02:28:41,0.030208333333333334
120244,2025-05-13 00:10:44,2025-08-14 13:07:49,93.53964120370371
120243,2025-05-12 22:55:35,2025-07-29 15:26:34,77.68818287037037
120242,2025-05-12 17:52:28,2025-07-14 12:45:32,62.78685185185185
120237,2025-05-12 11:32:53,2025-08-07 08:11:42,86.86028935185185
120235,2025-05-12 10:22:31,2025-05-15 15:40:06,3.2205439814814816
120231,2025-05-12 09:26:57,2025-09-02 01:08:24,112.65378472222223
120230,2025-05-12 04:44:47,2025-05-12 22:17:02,0.7307291666666667
120228,2025-05-12 01:59:38,2025-05-12 08:04:52,0.25363425925925925
120226,2025-05-11 21:56:21,2025-05-12 08:07:58,0.4247337962962963
120225,2025-05-11 19:36:36,2025-05-14 07:19:58,2.488449074074074
120223,2025-05-11 18:17:58,2025-05-15 15:15:16,3.873125
120222,2025-05-11 14:34:56,2025-05-12 07:29:53,0.7048263888888889
120217,2025-05-11 05:00:39,2025-05-11 05:19:44,0.013252314814814814
120215,2025-05-11 02:11:28,2025-05-14 12:47:49,3.4419097222222224
120211,2025-05-10 19:13:04,2025-07-21 13:57:06,71.78057870370371
120205,2025-05-09 21:44:27,2025-05-10 01:29:44,0.15644675925925927
120204,2025-05-09 19:42:24,2025-05-10 02:33:08,0.2852314814814815
120203,2025-05-09 19:38:21,2025-08-14 15:06:51,96.81145833333333
120202,2025-05-09 19:30:30,2025-05-09 19:43:10,0.008796296296296297
120198,2025-05-09 16:12:35,2025-05-13 11:07:00,3.7877893518518517
120196,2025-05-09 15:23:09,2025-06-13 18:48:59,35.14293981481482
120195,2025-05-09 15:07:13,2025-08-19 02:44:12,101.4840162037037
120193,2025-05-09 14:07:14,2025-06-02 08:59:22,23.786203703703702
120191,2025-05-09 11:25:52,2025-06-13 18:48:49,35.307604166666664
120190,2025-05-09 08:44:58,2025-05-19 13:33:55,10.200659722222222
120188,2025-05-09 08:13:28,2025-05-13 15:53:08,4.319212962962963
120187,2025-05-09 06:55:07,2025-05-12 20:31:15,3.566759259259259
120185,2025-05-09 05:51:46,2025-05-09 19:16:22,0.55875
120184,2025-05-09 03:13:14,2025-05-09 03:23:51,0.007372685185185185
120183,2025-05-08 20:36:48,2025-05-09 12:44:45,0.6721875
120181,2025-05-08 15:17:33,2025-05-10 06:31:19,1.6345601851851852
120179,2025-05-08 13:39:25,2025-05-15 20:06:57,7.26912037037037
120175,2025-05-08 10:24:21,2025-05-09 04:03:27,0.7354861111111111
120174,2025-05-08 10:13:16,2025-05-10 22:31:15,2.512488425925926
120168,2025-05-08 06:49:17,2025-05-08 17:22:12,0.43952546296296297
120166,2025-05-08 01:26:51,2025-05-08 01:30:34,0.0025810185185185185
120163,2025-05-07 16:26:11,2025-05-13 19:28:29,6.126597222222222
120161,2025-05-07 16:08:06,2025-05-27 17:31:57,20.058229166666667
120159,2025-05-07 15:54:40,2025-05-07 19:23:09,0.14478009259259259
120158,2025-05-07 14:00:21,2025-05-08 08:54:52,0.7878587962962963
120156,2025-05-07 12:54:09,2025-10-14 12:14:58,159.97278935185184
120154,2025-05-07 12:00:52,2025-05-07 21:08:08,0.38004629629629627
120153,2025-05-07 09:27:22,2025-05-08 08:54:32,0.977199074074074
120152,2025-05-07 08:53:08,2025-05-08 08:54:11,1.0007291666666667
120151,2025-05-07 08:51:14,2025-05-07 17:23:48,0.35594907407407406
120150,2025-05-07 08:43:28,2025-05-07 08:45:58,0.001736111111111111
120148,2025-05-07 08:31:32,2025-05-08 09:07:35,1.0250347222222222
120147,2025-05-07 06:37:17,2025-05-07 20:12:36,0.5661921296296296
120146,2025-05-07 06:34:57,2025-05-11 10:14:17,4.152314814814815
120143,2025-05-06 20:54:47,2025-05-11 10:13:41,4.554791666666667
120141,2025-05-06 20:35:46,2025-08-21 23:23:11,107.11626157407407
120139,2025-05-06 19:35:27,2025-05-15 17:44:09,8.922708333333333
120137,2025-05-06 18:25:10,2025-05-07 21:09:36,1.1141898148148148
120131,2025-05-06 10:47:08,2025-05-07 17:35:39,1.2836921296296295
120128,2025-05-06 09:38:30,2025-05-10 22:58:41,4.5556828703703705
120126,2025-05-06 09:24:50,2025-05-14 21:00:25,8.483043981481481
120125,2025-05-06 08:31:17,2025-05-14 10:28:28,8.081377314814814
120123,2025-05-06 02:22:13,2025-09-09 13:55:57,126.48175925925926
120121,2025-05-05 18:21:32,2025-06-26 13:11:52,51.78495370370371
120119,2025-05-05 17:35:28,2025-07-26 18:23:12,82.03314814814814
120117,2025-05-05 15:37:04,2025-05-13 18:43:20,8.129351851851851
120114,2025-05-05 11:55:06,2025-05-07 10:39:28,1.947476851851852
120111,2025-05-05 09:04:35,2025-05-07 03:20:35,1.761111111111111
120110,2025-05-05 07:54:03,2025-05-08 07:20:26,2.9766550925925928
120109,2025-05-05 07:40:21,2025-05-05 17:17:21,0.40069444444444446
120107,2025-05-05 01:16:28,2025-05-15 17:43:29,10.685428240740741
120106,2025-05-04 22:15:02,2025-08-04 12:28:10,91.5924537037037
120104,2025-05-04 19:39:37,2025-05-05 11:09:49,0.6459722222222222
120102,2025-05-04 14:44:15,2025-05-04 15:02:25,0.012615740740740742
120101,2025-05-04 13:32:33,2025-07-23 05:15:31,79.65483796296296
120100,2025-05-04 13:30:59,2025-10-08 10:53:09,156.89039351851852
120099,2025-05-04 13:28:46,2025-05-20 16:31:31,16.126909722222223
120094,2025-05-04 07:24:17,2025-05-04 07:25:40,0.0009606481481481482
120093,2025-05-04 07:22:53,2025-07-09 11:12:47,66.15965277777778
120092,2025-05-04 07:20:26,2025-05-04 07:21:11,0.0005208333333333333
120091,2025-05-04 07:18:03,2025-10-08 09:41:00,157.09927083333332
120090,2025-05-04 07:14:03,2025-05-21 22:47:30,17.648229166666667
120089,2025-05-04 04:13:40,2025-07-21 13:57:06,78.40516203703703
120087,2025-05-03 20:30:08,2025-05-03 20:34:54,0.003310185185185185
120085,2025-05-03 20:00:07,2025-05-05 13:32:46,1.7310069444444445
120084,2025-05-03 17:30:56,2025-05-05 07:30:37,1.5831134259259259
120083,2025-05-03 15:47:41,2025-05-03 21:22:02,0.2321875
120080,2025-05-03 09:41:14,2025-05-10 14:27:01,7.198460648148148
120079,2025-05-03 05:36:44,2025-05-03 05:42:16,0.0038425925925925928
120074,2025-05-02 23:37:32,2025-05-06 11:08:57,3.480150462962963
120068,2025-05-02 18:23:50,2025-05-09 21:30:26,7.129583333333334
120067,2025-05-02 17:34:09,2025-05-06 10:08:58,3.6908449074074072
120066,2025-05-02 15:45:46,2025-05-02 15:50:00,0.002939814814814815
120061,2025-05-02 08:49:02,2025-05-08 09:19:33,6.02119212962963
120060,2025-05-02 07:54:24,2025-05-02 08:57:16,0.04365740740740741
120059,2025-05-02 05:05:20,2025-05-02 22:14:54,0.7149768518518519
120058,2025-05-02 03:46:11,2025-05-02 03:51:51,0.003935185185185185
120057,2025-05-02 02:35:11,2025-05-08 01:30:34,5.955127314814815
120056,2025-05-02 00:56:53,2025-05-05 18:47:44,3.7436458333333333
120055,2025-05-01 22:35:43,2025-08-01 07:38:35,91.37699074074074
120054,2025-05-01 20:56:27,2025-06-21 12:11:29,50.635439814814816
120053,2025-05-01 18:50:58,2025-05-01 18:58:17,0.0050810185185185186
120050,2025-05-01 04:33:17,2025-06-10 04:11:35,39.98493055555556
120049,2025-05-01 00:05:14,2025-05-31 17:40:35,30.732881944444443
120048,2025-04-30 20:46:31,2025-07-22 20:17:06,82.97957175925926
120044,2025-04-30 18:51:52,2025-05-13 21:30:31,13.110173611111112
120043,2025-04-30 18:47:45,2025-05-18 21:38:08,18.11832175925926
120042,2025-04-30 18:18:49,2025-06-10 09:21:52,40.627118055555556
120040,2025-04-30 16:27:33,2025-06-27 14:36:51,57.923125
120036,2025-04-30 13:38:34,2025-05-07 20:13:22,7.274166666666667
120032,2025-04-30 11:43:01,2025-10-08 23:58:29,161.51074074074074
120031,2025-04-30 11:42:17,2025-05-06 14:24:53,6.112916666666667
120028,2025-04-30 11:16:26,2025-04-30 11:25:26,0.00625
120026,2025-04-30 10:15:02,2025-04-30 10:21:35,0.004548611111111111
120025,2025-04-30 09:59:55,2025-05-01 21:29:14,1.4786921296296296
120024,2025-04-30 09:59:13,2025-08-19 16:23:46,111.26704861111111
120023,2025-04-30 09:11:53,2025-05-01 03:44:48,0.7728587962962963
120022,2025-04-30 08:43:43,2025-04-30 09:13:05,0.02039351851851852
120020,2025-04-30 08:19:13,2025-04-30 08:44:18,0.017418981481481483
120019,2025-04-30 07:02:17,2025-05-05 18:43:30,5.486956018518518
120016,2025-04-29 21:57:14,2025-04-30 13:52:07,0.6631134259259259
120014,2025-04-29 21:51:46,2025-04-30 13:51:47,0.6666782407407408
120013,2025-04-29 21:20:59,2025-05-20 02:27:14,20.21267361111111
120006,2025-04-29 15:31:29,2025-05-05 14:06:44,5.941145833333334
120002,2025-04-29 12:01:26,2025-04-29 14:11:09,0.09008101851851852
120001,2025-04-29 10:30:23,2025-04-29 15:01:43,0.1884259259259259
119999,2025-04-29 09:13:21,2025-04-29 15:36:35,0.26613425925925926
119998,2025-04-29 09:13:21,2025-04-29 14:42:20,0.22846064814814815
119996,2025-04-29 04:45:58,2025-05-01 03:43:09,1.956377314814815
119995,2025-04-29 04:08:24,2025-04-29 14:53:35,0.4480439814814815
119989,2025-04-29 00:22:56,2025-04-30 10:29:01,1.4208912037037038
119986,2025-04-28 22:25:20,2025-05-12 20:38:23,13.925729166666667
119985,2025-04-28 21:37:18,2025-04-29 08:51:32,0.4682175925925926
119984,2025-04-28 21:22:33,2025-04-28 21:50:24,0.01934027777777778
119983,2025-04-28 21:01:01,2025-04-30 10:46:49,1.5734722222222222
119981,2025-04-28 19:21:38,2025-04-30 17:26:25,1.919988425925926
119977,2025-04-28 13:54:04,2025-08-09 03:25:12,102.56328703703704
119976,2025-04-28 11:53:21,2025-04-28 16:18:05,0.18384259259259259
119975,2025-04-28 09:48:42,2025-07-29 16:11:20,92.2657175925926
119974,2025-04-28 09:44:55,2025-04-30 10:20:45,2.024884259259259
119973,2025-04-28 05:12:39,2025-05-07 08:22:19,9.131712962962963
119971,2025-04-27 20:50:51,2025-06-27 13:01:21,60.67395833333333
119970,2025-04-27 15:49:43,2025-04-28 19:05:12,1.1357523148148148
119968,2025-04-27 14:31:24,2025-04-27 17:32:36,0.12583333333333332
119967,2025-04-27 12:35:42,2025-04-27 12:37:49,0.0014699074074074074
119966,2025-04-27 09:11:57,2025-07-01 17:41:59,65.35418981481482
119963,2025-04-27 07:53:45,2025-04-27 07:54:26,0.00047453703703703704
119962,2025-04-27 06:53:38,2025-07-24 12:59:02,88.25375
119961,2025-04-27 02:13:36,2025-04-27 03:15:15,0.0428125
119960,2025-04-27 01:00:17,2025-06-06 09:07:32,40.338368055555556
119959,2025-04-26 23:26:20,2025-04-27 22:50:20,0.975
119951,2025-04-26 11:25:06,2025-04-28 04:07:38,1.6962037037037037
119950,2025-04-26 08:10:09,2025-08-01 08:03:35,96.99543981481482
119948,2025-04-26 00:08:01,2025-06-25 21:54:02,60.90695601851852
119947,2025-04-25 22:14:28,2025-04-25 22:54:08,0.027546296296296298
119944,2025-04-25 18:38:44,2025-06-30 20:03:38,66.05895833333334
119942,2025-04-25 18:21:21,2025-04-25 18:24:00,0.0018402777777777777
119939,2025-04-25 13:41:42,2025-04-27 13:29:21,1.9914236111111112
119938,2025-04-25 12:39:59,2025-05-09 12:44:45,14.003310185185185
119929,2025-04-25 01:26:08,2025-05-02 14:15:50,7.534513888888889
119928,2025-04-24 18:44:51,2025-05-29 11:30:59,34.69870370370371
119927,2025-04-24 14:43:59,2025-09-16 09:19:41,144.77479166666666
119924,2025-04-24 12:27:25,2025-04-27 09:09:12,2.862349537037037
119921,2025-04-24 10:02:14,2025-07-15 19:22:15,82.38890046296297
119920,2025-04-24 10:00:33,2025-07-16 15:06:56,83.21276620370371
119918,2025-04-24 07:31:33,2025-04-25 11:09:43,1.1515046296296296
119916,2025-04-23 20:23:29,2025-07-29 15:19:20,96.78878472222222
119915,2025-04-23 19:44:35,2025-05-13 18:39:38,19.95489583333333
119914,2025-04-23 18:47:02,2025-05-13 16:52:01,19.920127314814813
119913,2025-04-23 17:16:27,2025-04-28 06:39:16,4.557511574074074
119909,2025-04-23 11:16:49,2025-05-11 00:22:24,17.545543981481483
119908,2025-04-23 11:14:54,2025-04-23 11:58:15,0.030104166666666668
119906,2025-04-23 11:00:17,2025-04-23 12:51:56,0.07753472222222223
119903,2025-04-22 22:34:16,2025-05-13 17:25:14,20.785393518518518
119901,2025-04-22 18:18:45,2025-07-15 16:58:03,83.94395833333333
119899,2025-04-22 16:16:55,2025-04-23 10:57:38,0.778275462962963
119898,2025-04-22 14:29:14,2025-04-22 14:37:38,0.005833333333333334
119895,2025-04-22 11:55:31,2025-04-22 18:01:42,0.25429398148148147
119893,2025-04-22 07:16:08,2025-04-22 07:37:45,0.015011574074074075
119890,2025-04-21 20:42:32,2025-04-21 20:55:59,0.009340277777777777
119888,2025-04-21 19:28:30,2025-04-22 17:01:58,0.8982407407407408
119886,2025-04-21 18:53:53,2025-04-21 19:28:14,0.023854166666666666
119885,2025-04-21 18:43:06,2025-07-29 16:10:37,98.8941087962963
119884,2025-04-21 18:24:44,2025-07-15 16:59:05,84.94052083333334
119883,2025-04-21 17:29:08,2025-05-22 16:58:15,30.97855324074074
119882,2025-04-21 09:15:39,2025-04-21 15:29:55,0.2599074074074074
119879,2025-04-21 01:57:58,2025-04-22 01:35:31,0.9844097222222222
